precision,recall,f1,rmse_px,rmse_pm,bias_x,bias_y,mae_px,arch,fold,radius,n_images,n_sparse,n_pred,n_gt,count_ratio,f1_macro,f1_frame_sd,coverage,coverage_true,blob_ratio,f1_r1,rmse_r1,f1_r1.5,rmse_r1.5,f1_r2,rmse_r2,f1_r3,rmse_r3,condition
0.8695652173913043,0.9090909090909091,0.888888888888889,0.692518199027068,8.511048666042665,0.029725677055143507,-0.0009799689464262684,0.2981996603282022,AtomSegNet,1,3.0,1,39,23,22,1.0454545454545454,0.888888888888889,0.0,0.310302734375,0.3176422119140625,0.9768938848056876,0.8444444444444444,0.4117075399528658,0.8444444444444444,0.4117075399528658,0.8444444444444444,0.4117075399528658,0.888888888888889,0.692518199027068,no_n2v
0.8863636363636364,0.9069767441860465,0.896551724137931,1.4276792633678288,17.546178146790613,0.626522416231395,0.06674396410448925,0.7437923088984003,AtomSegNet,2,3.0,2,38,44,43,1.0232558139534884,0.9042553191489362,0.0957446808510638,0.304107666015625,0.29296875,1.0380208333333334,0.4827586206896552,0.4982803965381142,0.5747126436781609,0.6960391171454209,0.6896551724137931,0.9668677134449655,0.896551724137931,1.4276792633678288,no_n2v
0.9047619047619048,0.95,0.9268292682926829,1.705658531235141,20.962543348879883,-1.1381510249518647,-0.39227327151132263,0.9449479405570741,AtomSegNet,3,3.0,1,39,21,20,1.05,0.9268292682926829,0.0,0.2816314697265625,0.2810211181640625,1.0021719063908345,0.3414634146341463,0.6320384217362432,0.5365853658536585,0.8995480643542637,0.6341463414634146,1.0973248167277874,0.9268292682926829,1.705658531235141,no_n2v
0.8433734939759037,0.8641975308641975,0.8536585365853657,1.6818808441495556,20.67031557459804,-0.1025365940134745,-0.702151042653454,0.9540969087055118,AtomSegNet,4,3.0,4,36,83,81,1.0246913580246915,0.8517654566080545,0.14562583261896156,0.289794921875,0.28659820556640625,1.0111539997337948,0.20731707317073172,0.6250719582225348,0.41463414634146345,1.0126353158830872,0.6463414634146342,1.2986996159712498,0.8536585365853657,1.6818808441495556,no_n2v
0.8939393939393939,0.9672131147540983,0.9291338582677166,1.5568263144861085,19.133395405034275,0.003660778097057366,-0.36301339211384304,0.8460730982511848,AtomSegNet,5,3.0,3,37,66,61,1.0819672131147542,0.9301587301587301,0.05836436924079438,0.3116302490234375,0.2941436767578125,1.0594490844010997,0.3937007874015748,0.658750395612675,0.5984251968503937,0.9025115091606781,0.6929133858267716,1.050164286066341,0.9291338582677166,1.5568263144861085,no_n2v
0.8695652173913043,0.9090909090909091,0.888888888888889,0.6793285181804978,8.348947488438316,-0.20586443782794203,-0.3125487228758588,0.2765139268733562,HRNet,1,3.0,1,39,23,22,1.0454545454545454,0.888888888888889,0.0,0.31378173828125,0.3176422119140625,0.9878464716337608,0.8,0.35485113929788253,0.8444444444444444,0.4352232217839004,0.8444444444444444,0.4352232217839004,0.888888888888889,0.6793285181804978,no_n2v
0.9069767441860465,0.9069767441860465,0.9069767441860465,1.443375242675954,17.739081732487474,0.6600999772133912,-0.13175386603573414,0.7598962872352029,HRNet,2,3.0,2,38,43,43,1.0,0.9130434782608696,0.08695652173913043,0.30426025390625,0.29296875,1.0385416666666667,0.4418604651162791,0.5496797516587915,0.6046511627906976,0.8094956848888014,0.7441860465116278,1.0387538924477646,0.9069767441860465,1.443375242675954,no_n2v
0.8181818181818182,0.9,0.8571428571428572,1.8938723715268526,23.275691446065018,-1.171232156247402,-0.5999638207950544,1.1283847439279249,HRNet,3,3.0,1,39,22,20,1.1,0.8571428571428572,0.0,0.2940216064453125,0.2810211181640625,1.046261606124776,0.14285714285714282,0.7775819382349897,0.3333333333333333,1.0911977716390917,0.47619047619047616,1.2852602534018855,0.8571428571428572,1.8938723715268526,no_n2v
0.8192771084337349,0.8395061728395061,0.8292682926829269,1.631921604414526,20.056316518254523,-0.020087299062828284,-0.720414604452964,0.9396467492620151,HRNet,4,3.0,4,36,83,81,1.0246913580246915,0.8288145207033466,0.11085467728262045,0.305816650390625,0.28659820556640625,1.0670571010248902,0.1951219512195122,0.6269241918301033,0.46341463414634143,1.0481305342022438,0.5853658536585366,1.2249511857339932,0.8292682926829269,1.631921604414526,no_n2v
0.7384615384615385,0.7868852459016393,0.7619047619047619,1.414090771264559,17.37917557884143,0.030156953419792815,-0.19630875607929488,0.7685508208237941,HRNet,5,3.0,3,37,65,61,1.0655737704918034,0.7661616161616163,0.1301404513902278,0.3069203694661458,0.2941436767578125,1.043436910999291,0.38095238095238093,0.590839647324087,0.5238095238095238,0.7941371522888048,0.619047619047619,1.01440490673652,0.7619047619047619,1.414090771264559,no_n2v
0.8695652173913043,0.9090909090909091,0.888888888888889,0.6891047793973614,8.469097738793572,-0.05669266451327424,-0.03084923593242932,0.3059068114472566,SwinUNet,1,3.0,1,39,23,22,1.0454545454545454,0.888888888888889,0.0,0.32354736328125,0.3176422119140625,1.0185905750108084,0.8444444444444444,0.44366848486966887,0.8444444444444444,0.44366848486966887,0.8444444444444444,0.44366848486966887,0.888888888888889,0.6891047793973614,no_n2v
0.9318181818181818,0.9534883720930233,0.942528735632184,1.3730608451141217,16.874917786452556,0.5494993731844278,-0.30130470372806817,0.7137837451683237,SwinUNet,2,3.0,2,38,44,43,1.0232558139534884,0.9468085106382979,0.05319148936170215,0.3014678955078125,0.29296875,1.0290104166666667,0.5287356321839081,0.5193509911236505,0.5977011494252873,0.6668317391485235,0.7816091954022988,1.0373103882780415,0.942528735632184,1.3730608451141217,no_n2v
0.7619047619047619,0.8,0.7804878048780488,1.7041589452853645,20.944113437557128,-1.0994303001314036,-0.4116176328808321,0.9975563671662847,SwinUNet,3,3.0,1,39,21,20,1.05,0.7804878048780488,0.0,0.2726898193359375,0.2810211181640625,0.9703534777651083,0.24390243902439024,0.7059537634332738,0.3414634146341463,0.9275698349248996,0.5853658536585366,1.3084980469008678,0.7804878048780488,1.7041589452853645,no_n2v
0.8333333333333334,0.8641975308641975,0.8484848484848484,1.7009797153875865,20.905040702113435,-0.12263940516776761,-0.8189308207027013,0.9399746605677385,SwinUNet,4,3.0,4,36,84,81,1.037037037037037,0.8484478935698448,0.12920968557312326,0.3073844909667969,0.28659820556640625,1.0725276187940902,0.26666666666666666,0.6828576587105487,0.4242424242424242,0.9348123595589517,0.5575757575757575,1.18612102254312,0.8484848484848484,1.7009797153875865,no_n2v
0.7352941176470589,0.819672131147541,0.7751937984496124,1.2910920293683823,15.867521040937419,-0.04277155751718478,-0.32324219407450655,0.7306552455100278,SwinUNet,5,3.0,3,37,68,61,1.1147540983606556,0.7832827772160432,0.15436394222739533,0.3334096272786458,0.2941436767578125,1.1334924175615153,0.3875968992248062,0.6654136535631574,0.5736434108527132,0.8826072855118098,0.6666666666666666,1.054409168527977,0.7751937984496124,1.2910920293683823,no_n2v
0.8260869565217391,0.8636363636363636,0.8444444444444444,0.6145320133279999,7.552598443801119,0.31258482761726225,-0.26645628223230966,0.31962936376822737,UNetPP,1,3.0,1,39,23,22,1.0454545454545454,0.8444444444444444,0.0,0.2967987060546875,0.3176422119140625,0.934380554354614,0.8,0.511382386874438,0.8,0.511382386874438,0.8444444444444444,0.6145320133279999,0.8444444444444444,0.6145320133279999,no_n2v
0.9069767441860465,0.9069767441860465,0.9069767441860465,1.364676454884619,16.771873630531967,0.5291991825518234,-0.1004548026979031,0.7007138035453759,UNetPP,2,3.0,2,38,43,43,1.0,0.9097826086956522,0.04021739130434787,0.2962799072265625,0.29296875,1.0113020833333333,0.5581395348837209,0.5968359647526352,0.627906976744186,0.7105618420739438,0.7209302325581395,0.9288600974481483,0.9069767441860465,1.364676454884619,no_n2v
0.7272727272727273,0.8,0.761904761904762,1.5924376636485416,19.571058886240575,-0.8986340679723135,0.3300876582322019,0.8930543529410548,UNetPP,3,3.0,1,39,22,20,1.1,0.761904761904762,0.0,0.266693115234375,0.2810211181640625,0.9490144974751589,0.23809523809523808,0.672642246910937,0.47619047619047616,0.9794239411929203,0.6190476190476191,1.218881004684166,0.761904761904762,1.5924376636485416,no_n2v
0.7738095238095238,0.8024691358024691,0.787878787878788,1.5747680605657506,19.353899464353074,-0.15831265209952244,-0.7822406988694421,0.8803120977187815,UNetPP,4,3.0,4,36,84,81,1.037037037037037,0.7876985252410664,0.20328483219884247,0.2903175354003906,0.28659820556640625,1.0129775056568615,0.2545454545454545,0.6528006439838874,0.4727272727272727,0.9772694660751391,0.6181818181818182,1.209276123257049,0.787878787878788,1.5747680605657506,no_n2v
0.6923076923076923,0.7377049180327869,0.7142857142857143,1.2717916343494438,15.630319186154662,0.23154487656982484,-0.2646930023307822,0.6638125557066675,UNetPP,5,3.0,3,37,65,61,1.0655737704918034,0.7178210678210678,0.19354735271236093,0.3030598958333333,0.2941436767578125,1.0303124621742663,0.4285714285714286,0.6102802296862562,0.5238095238095238,0.7828226176536008,0.634920634920635,1.0171859823109777,0.7142857142857143,1.2717916343494438,no_n2v
0.9130434782608695,0.9545454545454546,0.9333333333333332,1.8618423739561105,22.882042775920596,-0.7582220090893425,0.9786842320568218,1.0837246539302843,AtomSegNet,1,3.0,1,39,23,22,1.0454545454545454,0.9333333333333332,0.0,0.3216094970703125,0.3176422119140625,1.0124897919969256,0.1333333333333333,0.7803080760618676,0.4,1.1223234427953166,0.6222222222222223,1.4315101622358344,0.9333333333333332,1.8618423739561105,with_n2v
0.8636363636363636,0.8837209302325582,0.8735632183908046,1.5263274730247391,18.758564643474042,0.5923748992671884,-0.3392226541369745,0.7587579938829219,AtomSegNet,2,3.0,2,38,44,43,1.0232558139534884,0.8829787234042554,0.11702127659574463,0.3102874755859375,0.29296875,1.0591145833333333,0.4137931034482759,0.4259411801276268,0.5747126436781609,0.7708551334794763,0.6436781609195402,0.9253465544146262,0.8735632183908046,1.5263274730247391,with_n2v
0.8095238095238095,0.85,0.8292682926829269,1.6242662096872869,19.962231717056756,-1.0541671022535808,-0.2630590055608059,0.9547342138594576,AtomSegNet,3,3.0,1,39,21,20,1.05,0.8292682926829269,0.0,0.2753753662109375,0.2810211181640625,0.9799098658847804,0.1951219512195122,0.6325876010015602,0.4390243902439024,0.9948797301467692,0.6341463414634146,1.3086540428863622,0.8292682926829269,1.6242662096872869,with_n2v
0.7294117647058823,0.7654320987654321,0.7469879518072289,1.605062115907424,19.72621340450224,0.14396744170523965,-0.6676781976339752,0.8981730010467585,AtomSegNet,4,3.0,4,36,85,81,1.0493827160493827,0.7469235033259424,0.16859107718612587,0.29480743408203125,0.28659820556640625,1.0286436842805804,0.20481927710843373,0.574284666593291,0.43373493975903615,0.9654768774500415,0.5542168674698795,1.1827958474941147,0.7469879518072289,1.605062115907424,with_n2v
0.7575757575757576,0.819672131147541,0.7874015748031497,1.4191593290119808,17.441468153557242,0.004077849622652856,-0.42530611697645676,0.7805097421792524,AtomSegNet,5,3.0,3,37,66,61,1.0819672131147542,0.7907407407407407,0.11831579885157993,0.3137156168619792,0.2941436767578125,1.0665387076135637,0.4251968503937008,0.6253270305239789,0.5196850393700788,0.8036600044957386,0.6141732283464568,1.0084699324150832,0.7874015748031497,1.4191593290119808,with_n2v
0.5,0.5454545454545454,0.5217391304347826,2.126934991596672,26.1400310467231,-1.435653452696517,0.8154428260540464,1.3368125896969698,HRNet,1,3.0,1,39,24,22,1.0909090909090908,0.5217391304347826,0.0,0.3278961181640625,0.3176422119140625,1.0322813085459,0.043478260869565216,0.8223451757814108,0.08695652173913043,1.119672266381681,0.17391304347826086,1.4011756314436277,0.5217391304347826,2.126934991596672,with_n2v
0.7727272727272727,0.7906976744186046,0.7816091954022988,1.6932476228996558,20.810013285436767,-0.31489632713487825,-0.8886181818509664,0.9983611467822068,HRNet,2,3.0,2,38,44,43,1.0232558139534884,0.7941489361702128,0.15585106382978725,0.31813812255859375,0.29296875,1.0859114583333334,0.22988505747126436,0.723969286634667,0.367816091954023,0.9763208761421294,0.5977011494252873,1.352978345433342,0.7816091954022988,1.6932476228996558,with_n2v
0.5454545454545454,0.6,0.5714285714285713,1.7639595992737738,21.679063475074678,-0.3896568392500133,-0.7568667088184146,1.047680803285887,HRNet,3,3.0,1,39,22,20,1.1,0.5714285714285713,0.0,0.3303375244140625,0.2810211181640625,1.175490036379432,0.1904761904761905,0.8184996930934413,0.28571428571428564,1.0289632878442276,0.3333333333333333,1.1680037340004032,0.5714285714285713,1.7639595992737738,with_n2v
0.6867469879518072,0.7037037037037037,0.6951219512195121,1.688169184050749,20.747599271983702,0.16491553381761623,-0.35229829845766464,0.950642798360577,HRNet,4,3.0,4,36,83,81,1.0246913580246915,0.6919668179239932,0.19386332588392302,0.286468505859375,0.28659820556640625,0.9995474510847864,0.1829268292682927,0.7024578567148273,0.3658536585365854,1.0040279231988247,0.4878048780487805,1.225510905342921,0.6951219512195121,1.688169184050749,with_n2v
0.7121212121212122,0.7704918032786885,0.7401574803149605,1.5779625907261714,19.393160240024645,0.330472536996145,0.09661802346933586,0.885080157854784,HRNet,5,3.0,3,37,66,61,1.0819672131147542,0.7441798941798942,0.1563100336785641,0.32867431640625,0.2941436767578125,1.1173937853400426,0.2992125984251969,0.6590542304565863,0.4409448818897638,0.8894189905060698,0.5826771653543307,1.1436945126000404,0.7401574803149605,1.5779625907261714,with_n2v
0.9130434782608695,0.9545454545454546,0.9333333333333332,1.2407605519339202,15.248947183267877,0.04980469544187497,0.7584523621510915,0.656006661211628,UNetPP,1,3.0,1,39,23,22,1.0454545454545454,0.9333333333333332,0.0,0.3181915283203125,0.3176422119140625,1.001729355814959,0.5333333333333332,0.6509383709153047,0.6666666666666666,0.7990588084732402,0.8444444444444444,1.0450279737970887,0.9333333333333332,1.2407605519339202,with_n2v
0.9534883720930233,0.9534883720930233,0.9534883720930233,1.1105674401202266,13.648873839077583,0.37441845830054404,-0.11954065620327639,0.5982198479352276,UNetPP,2,3.0,2,38,43,43,1.0,0.9532608695652174,0.0032608695652173725,0.30190277099609375,0.29296875,1.0304947916666667,0.5348837209302325,0.49802931512618714,0.7209302325581395,0.7679851819284792,0.9302325581395349,1.0597619508564424,0.9534883720930233,1.1105674401202266,with_n2v
0.8095238095238095,0.85,0.8292682926829269,1.731319134029368,21.277912157220932,-1.1742682654214847,-0.539734990242606,1.0124263759453132,UNetPP,3,3.0,1,39,21,20,1.05,0.8292682926829269,0.0,0.280609130859375,0.2810211181640625,0.9985339631861867,0.14634146341463414,0.686605180431806,0.3902439024390244,1.1098760325811394,0.6341463414634146,1.3885154804072892,0.8292682926829269,1.731319134029368,with_n2v
0.7619047619047619,0.7901234567901234,0.7757575757575756,1.5189046251072278,18.66733784256783,-0.17650599997274807,-0.7589951534884556,0.8318702632200166,UNetPP,4,3.0,4,36,84,81,1.037037037037037,0.7738359201773837,0.15081051109450808,0.3060188293457031,0.28659820556640625,1.067762544922135,0.27878787878787875,0.6332933914745245,0.43636363636363634,0.9189686497754866,0.606060606060606,1.1891733682293695,0.7757575757575756,1.5189046251072278,with_n2v
0.765625,0.8032786885245902,0.784,1.4533995913735294,17.862280977980674,0.16216967382166833,-0.24960127684389297,0.7712093645424971,UNetPP,5,3.0,3,37,64,61,1.0491803278688525,0.7873200442967886,0.11523182366212925,0.30389404296875,0.2941436767578125,1.033148311459252,0.336,0.6120120744159068,0.544,0.9475347470036466,0.624,1.0631115658193886,0.784,1.4533995913735294,with_n2v
