stem,n_columns
00001,4
00004,4
00011,4
00018,4
00021,4
00024,4
00030,4
00033,4
00035,4
00038,4
00043,4
00044,4
00046,4
00057,4
00059,4
00062,4
00074,5
00077,5
00080,5
00081,5
00086,5
00089,5
00094,5
00097,5
00105,5
00107,5
00109,5
00128,17
00132,18
00133,19
00135,17
00145,20
00158,17
00189,23
00210,7
00213,7
00217,8
00223,7
00228,7
00234,7
00240,7
00244,6
00253,24
00257,24
00260,24
00266,23
00267,22
00268,23
00275,19
00276,19
00289,20
00292,20
00293,20
00296,22
00317,12
00319,12
00324,12
00335,12
00338,11
00345,12
00348,12
00350,12
00357,12
00369,12
00377,12
00381,12
00382,12
00388,11
00394,12
00401,12
00402,11
00408,12
00409,11
00410,11
00415,11
00416,11
00417,11
00427,11
00428,11
00429,11
00431,11
00439,12
00440,12
00441,12
00444,12
00445,12
00450,16
00457,15
00463,12
00468,14
00470,14
00473,13
00481,13
00487,14
00494,14
00497,16
00501,16
00510,12
00514,12
00520,11
00521,10
00533,11
00550,11
00562,12
00564,12
00566,12
00568,12
00577,12
00578,12
00579,12
00591,13
00592,13
00595,14
00599,13
00604,12
00618,14
00621,13
00622,16
00624,16
00626,12
00634,12
00649,11
00653,11
00656,12
00657,11
00665,11
00685,11
00695,6
00706,7
00711,6
00712,7
00713,7
00714,7
00716,7
00731,6
00734,7
00743,7
00744,6
00746,7
00749,8
00757,9
00759,9
00762,12
00766,11
00767,11
00775,10
00778,9
00783,10
00784,10
00789,10
00790,8
00793,9
00797,9
00800,10
00802,10
00804,10
00810,11
00820,12
00827,10
00830,12
00838,10
00841,11
00842,11
00843,11
00844,10
00850,10
00853,11
00859,10
00867,11
00872,11
00880,12
00882,12
00884,8
00890,8
00907,7
00910,7
00912,7
00916,7
00917,8
00935,8
00940,8
00950,8
00953,8
00958,7
00959,7
00961,7
00966,7
00974,6
00977,7
00982,6
00995,7
00999,8
01010,8
01021,8
01024,8
01032,7
01039,8
01042,7
01043,8
01047,7
01057,7
01065,8
01072,4
01077,4
01083,4
01085,4
01091,4
01092,4
01093,4
01104,4
01110,4
01111,4
01113,4
01114,4
01119,4
01120,4
01124,4
01128,4
01145,5
01146,5
01147,5
01148,5
01150,5
01156,5
01157,5
01161,5
01163,5
01181,5
01188,5
01194,5
01195,5
01196,5
01207,17
01216,16
01220,16
01221,16
01223,18
01225,18
01233,18
01234,17
01243,19
01246,20
01255,17
01256,17
01260,18
01264,8
01265,8
01273,8
01282,8
01285,7
01286,8
01296,8
01306,7
01310,8
01314,8
01319,8
01331,24
01337,21
01340,23
01345,20
01346,20
01350,19
01360,22
01361,22
01375,23
01380,24
01396,11
01406,12
01407,12
01416,11
01420,12
01422,11
01424,12
01427,11
01433,11
01438,10
01442,12
01445,10
01447,12
01459,12
01460,12
01464,11
01473,10
01480,11
01486,11
01487,11
01495,12
01502,12
01504,12
01507,12
01510,12
01512,10
01514,16
01524,13
01528,14
01537,13
01542,13
01544,13
01551,13
01555,13
01559,12
01569,12
01570,16
01573,16
01574,16
01577,12
01579,10
01585,11
01593,11
01595,9
01597,11
01598,11
01609,11
01611,10
01613,11
01614,11
01615,9
01617,11
01619,9
01632,10
01643,16
01650,13
01655,15
01659,12
01661,14
01672,14
01673,13
01692,16
01693,16
01695,16
01699,16
01700,16
01703,12
01719,11
01722,12
01727,10
01729,11
01730,11
01738,11
01742,12
01746,11
01759,12
01761,11
01766,8
01776,7
01781,7
01786,6
01794,4
01795,6
01802,5
01806,7
01809,7
01818,6
01822,6
01823,6
01825,8
01826,8
01831,12
01832,12
01834,12
01835,12
01836,12
01846,10
01852,11
01863,10
01865,9
01867,10
01878,11
01879,10
01884,9
01886,12
01887,12
01889,12
01891,12
01897,12
01898,12
01902,11
01905,11
01906,11
01916,11
01919,11
01935,10
01938,11
01942,12
01964,7
01972,7
01973,7
01974,7
01976,8
01978,7
01980,6
02002,8
02005,8
02007,8
02016,8
02019,8
02031,7
02038,5
02046,7
02047,7
02073,8
02076,8
02089,8
02090,8
02092,8
02095,8
02099,7
02103,7
02108,8
02109,8
02111,7
02115,7
02135,8
02139,8
02143,4
02147,4
02153,4
02155,4
02164,4
02166,4
02169,4
02175,4
02186,4
02187,4
02189,4
02192,4
02200,4
02211,5
02212,5
02217,5
02222,5
02229,5
02232,5
02234,5
02240,5
02246,5
02250,5
02251,5
02253,5
02261,5
02269,8
02270,8
02274,8
02276,8
02278,8
02281,8
02288,7
02289,7
02291,8
02292,7
02305,8
02315,7
02317,8
02318,8
02319,7
02329,8
02334,12
02336,12
02339,12
02341,12
02348,12
02363,11
02368,12
02373,12
02378,11
02381,12
02387,12
02390,12
02392,12
02393,12
02402,12
02414,11
02415,11
02423,11
02424,11
02446,11
02448,11
02451,12
02458,12
02459,12
02464,16
02465,16
02466,16
02475,14
02485,11
02493,13
02499,12
02504,12
02511,14
02514,16
02515,16
02517,12
02518,16
02523,12
02524,10
02529,10
02533,10
02541,9
02544,10
02547,9
02553,11
02560,10
02565,9
02575,12
02577,12
02578,12
02579,12
02587,12
02589,9
02593,14
02603,14
02609,13
02614,11
02621,13
02622,13
02626,13
02628,13
02634,13
02648,11
02649,11
02651,12
02652,11
02653,12
02657,11
02667,11
02674,10
02676,10
02685,12
02686,12
02689,11
02692,12
02699,11
02710,6
02725,7
02731,7
02733,6
02738,7
02743,6
02749,7
02756,7
02757,7
02760,7
02763,7
02765,8
02778,12
02782,11
02789,10
02802,10
02805,11
02816,9
02827,9
02830,12
02836,4
02837,4
02838,4
02841,8
02847,7
02848,7
02856,7
02861,6
02863,7
02866,7
02871,7
02874,7
02878,7
02883,7
02889,7
02890,6
02894,6
02900,6
02902,8
02903,8
02904,8
02908,7
02917,8
02923,8
02930,7
02931,8
02933,8
02935,8
02938,7
02948,8
02953,8
02957,6
02960,8
02961,8
02964,4
02967,4
02969,4
02974,4
02982,4
02983,4
02987,4
03003,4
03004,4
03007,4
03024,4
03027,10
03028,12
03034,11
03035,11
03038,11
03039,11
03048,11
03049,11
03051,11
03054,10
03061,11
03062,11
03067,11
03069,11
03079,12
03081,12
03083,12
03089,12
03095,12
03096,12
03101,10
03103,11
03111,10
03119,11
03126,10
03127,11
03131,11
03132,11
03133,10
03134,10
03140,11
03149,10
03161,11
03167,12
03182,11
03183,11
03191,10
03197,10
03208,12
03209,12
03214,8
03219,8
03220,8
03232,6
03233,6
03235,7
03239,7
03245,7
03248,6
03255,7
03264,6
03265,6
03266,7
03269,8
03273,8
03280,9
03285,12
03286,11
03287,11
03290,11
03294,11
03296,11
03299,9
03302,10
03306,9
03315,11
03317,10
03330,11
03334,12
03335,12
03342,6
03348,8
03350,8
03353,6
03354,6
03371,7
03378,7
03379,7
03389,7
03400,6
03401,8
03403,21
03404,21
03406,18
03410,22
03413,16
03414,16
03419,18
03425,22
03432,17
03438,11
03443,18
03446,16
03459,19
03465,20
03471,21
03474,24
03476,23
03481,20
03499,21
03500,22
03509,21
03514,21
03521,24
03524,21
03525,24
03527,24
03528,21
03529,12
03530,12
03533,12
03539,12
03541,12
03542,12
03543,11
03545,11
03546,11
03564,11
03574,12
03575,12
03583,12
03594,14
03603,4
03604,4
03612,14
03614,4
03615,14
03616,14
03618,14
03621,4
03622,14
03624,13
03648,4
03650,4
03651,14
03652,14
03657,21
03661,21
03672,19
03681,5
03686,5
03689,21
03694,20
03706,20
03709,5
03722,30
03725,32
03743,28
03754,30
03756,30
03762,29
03772,26
03774,26
03777,28
03778,34
03783,16
03786,15
03791,16
03814,15
03818,15
03822,15
03823,14
03835,15
03854,30
03856,30
03858,30
03859,29
03871,26
03873,26
03874,27
03878,27
03879,27
03884,28
03887,27
03888,29
03897,29
03911,24
03913,24
03915,24
03917,21
03920,22
03929,20
03942,22
03950,20
03953,23
03972,12
03974,12
03987,11
03989,11
03990,11
03995,10
03997,11
03998,11
04004,10
04008,12
04016,11
04020,11
04024,12
04025,12
04027,12
04030,12
04031,12
04036,30
04048,31
04050,30
04051,29
04054,29
04056,29
04059,29
04061,28
04075,29
04081,31
04084,32
04088,25
04093,30
04094,36
04098,24
04099,24
04103,24
04105,21
04106,21
04112,21
04113,20
04124,19
04131,20
04133,20
04148,21
04150,20
04163,16
04166,16
04169,14
04191,13
04202,12
04206,14
04218,16
04220,16
04221,16
04230,12
04241,11
04242,11
04246,10
04254,10
04266,11
04275,11
04280,11
04282,12
04300,7
04302,7
04314,7
04316,6
04318,6
04321,7
04329,7
04336,7
04340,6
04346,8
04348,9
04349,9
04353,12
04356,12
04366,10
04382,9
04386,9
04393,10
04395,10
04398,9
04405,12
04412,24
04413,24
04415,24
04416,24
04417,24
04419,24
04420,23
04421,23
04430,22
04437,24
04440,22
04442,23
04450,21
04456,21
04465,24
04473,24
04478,24
04481,24
04484,22
04491,21
04499,19
04503,20
04505,21
04509,18
04514,19
04515,19
04516,21
04522,21
04527,21
04528,24
04529,24
04533,24
04537,18
04541,18
04543,18
04563,14
04582,16
04585,15
04591,15
04606,24
04608,24
04615,23
04618,19
04623,20
04630,20
04631,20
04640,20
04641,20
04642,21
04644,20
04656,24
04660,20
04664,13
04666,14
04681,14
04686,14
04688,14
04692,4
04693,14
04694,14
04697,14
04701,14
04702,12
04703,12
04708,14
04715,4
04718,11
04719,11
04723,12
04726,21
04739,19
04743,21
04744,5
04747,21
04748,21
04752,21
04757,21
04760,19
04765,5
04768,5
04771,19
04783,5
04786,21
04787,21
04802,30
04808,29
04809,29
04815,29
04818,27
04820,0
04827,28
04830,29
04831,29
04833,29
04834,30
04835,30
04844,31
04848,31
04852,13
04861,15
04862,15
04863,15
04864,15
04865,15
04866,14
04867,14
04871,15
04878,16
04879,14
04880,14
04882,15
04897,14
04901,16
04902,16
04903,15
04914,16
04919,28
04924,30
04925,30
04926,30
04937,28
04948,29
04950,28
04951,27
04954,30
04960,29
04961,29
04963,30
04973,32
04976,32
04984,21
04985,21
04986,24
04990,22
04992,21
04994,22
05000,20
05007,21
05009,21
05014,22
05026,21
05029,22
05036,24
05043,12
05047,12
05050,11
05067,11
05071,11
05077,11
05096,12
05099,12
05101,12
05114,31
05115,31
05121,31
05130,28
05131,28
05146,28
05147,29
05149,31
05153,31
05157,31
05164,36
05169,20
05175,20
05182,21
05194,19
05197,20
05200,20
05207,20
05213,22
05217,21
05218,22
05221,24
05222,24
05225,20
05226,20
05227,20
05229,24
05235,16
05240,15
05247,14
05251,12
05260,13
05262,13
05265,13
05271,14
05272,13
05273,14
05280,13
05285,12
05291,16
05305,11
05310,11
05319,11
05322,11
05325,11
05329,11
05332,11
05338,12
05340,12
05354,11
05355,12
05358,8
05359,8
05360,8
05364,8
05370,7
05376,7
05380,7
05381,6
05382,7
05385,6
05390,7
05397,5
05405,8
05406,7
05407,7
05408,6
05412,6
05422,9
05425,9
05426,12
05427,12
05431,10
05432,10
05439,10
05459,11
05460,11
05461,9
05466,11
05475,9
05480,9
05484,24
05494,24
05501,23
05504,22
05509,22
05512,23
05513,23
05515,22
05520,23
05529,24
05532,24
05538,24
05539,24
05548,24
05557,23
05560,22
05565,19
05569,21
05573,21
05585,22
05590,22
05599,24
05606,20
05609,18
05610,18
05613,15
05614,15
05615,18
05624,15
05654,15
05655,15
05660,15
05682,21
05690,20
05698,19
05703,20
05707,19
05708,19
05712,19
05715,20
05717,21
05724,21
05728,24
05736,13
05741,13
05747,13
05748,13
05750,14
05752,14
05759,4
05769,4
05772,4
05779,14
05782,4
05787,13
05791,14
05795,14
05801,21
05805,21
05806,18
05810,21
05814,21
05827,21
05829,21
05831,5
05834,20
05835,20
05839,5
05847,20
05848,21
05853,21
05863,16
05869,16
05872,16
05873,16
05887,14
05889,14
05894,15
05900,15
05901,15
05911,15
05913,15
05921,14
05924,24
05928,21
05932,23
05934,23
05937,21
05938,22
05943,20
05949,22
05951,20
05956,20
05958,21
05964,19
05965,22
05968,22
05981,21
05986,12
05988,12
05991,12
05994,12
06000,11
06007,12
06021,11
06022,11
06024,11
06028,12
06033,11
06045,12
06052,36
06054,36
06062,31
06071,27
06072,30
06078,28
06082,28
06084,28
06096,30
06099,31
06108,36
06109,36
06115,24
06126,21
06127,21
06139,18
06153,20
06168,24
06171,24
06174,24
06175,16
06177,16
06178,16
06179,16
06182,12
06183,16
06187,13
06188,13
06196,13
06209,13
06210,13
06212,12
06216,14
06221,14
06224,15
06226,13
06235,9
06238,11
06246,11
06249,11
06254,12
06260,11
06265,11
06272,11
06283,12
06287,11
06292,11
06293,11
06299,12
06301,8
06302,8
06307,8
06320,7
06322,7
06326,5
06330,6
06333,6
06344,6
06346,7
06348,7
06349,7
06352,8
06367,12
06370,12
06374,11
06384,11
06386,11
06387,11
06389,10
06390,11
06393,9
06394,10
06396,10
06404,10
06434,15
06436,15
06443,15
06445,15
06452,15
06456,14
06460,14
06462,14
06464,15
06473,16
06483,15
06486,18
06493,24
06498,20
06499,22
06504,21
06506,20
06522,19
06533,20
06555,14
06557,14
06558,14
06559,13
06563,13
06570,4
06578,12
06585,14
06591,14
06593,13
06595,12
06602,14
06606,4
06608,13
06612,14
06614,4
06631,11
06633,11
06635,12
06642,10
06650,11
06651,11
06652,11
06661,11
06662,11
06663,11
06665,11
06671,10
06677,10
06685,24
06686,20
06698,19
06699,19
06701,21
06714,18
06715,21
06718,21
06724,21
06730,22
06742,11
06746,12
06751,12
06754,11
06760,12
06761,12
06779,11
06785,12
06787,11
06792,10
06795,12
06803,11
06809,6
06811,6
06827,7
06828,6
06833,7
06840,6
06844,7
06848,7
06849,5
06851,8
06854,6
06857,7
06861,6
06863,6
06867,6
06868,12
06876,12
06877,10
06879,10
06880,10
06884,11
06890,10
06903,10
06904,9
06909,9
06913,11
06917,10
06930,12
06931,18
06947,15
06956,14
06957,15
06959,14
06974,14
06978,15
06992,18
06995,31
07014,30
07018,28
07019,29
07020,29
07021,29
07022,29
07029,27
07034,29
07035,32
07045,34
07052,27
07054,34
07055,26
07059,28
07078,28
07079,28
07086,28
07090,26
07092,26
07093,27
07094,27
07096,25
07101,29
07104,29
07108,29
07110,28
07133,22
07146,22
07154,20
07158,22
07160,20
07170,22
07174,21
07182,21
07188,43
07189,43
07192,43
07208,25
07218,25
07220,43
07225,43
07226,25
07229,43
07248,69
07249,69
07252,69
07255,41
07262,69
07268,41
07273,69
07274,69
07278,41
07279,69
07287,69
07290,41
07291,69
07294,69
07301,69
07304,69
07308,69
07311,127
07314,132
07317,128
07318,116
07334,108
07338,111
07342,109
07347,111
07364,133
07370,133
07373,66
07376,66
07378,66
07380,66
07387,68
07388,67
07400,65
07403,67
07404,65
07408,67
07414,66
07415,66
07418,67
07437,53
07443,80
07449,77
07454,67
07457,41
07458,136
07464,131
07465,131
07476,45
07477,131
07478,68
07489,53
07498,96
07500,96
07507,88
07509,88
07516,87
07518,87
07519,87
07524,85
07525,81
07526,81
07531,81
07542,84
07557,90
07559,90
07564,23
07568,23
07573,24
