exx,eyy,exy,rot,x,y
0.009486908118756018,0.027273389980458616,-0.0012018861358473769,0.016659315866802044,113.23775919387508,21.07254440442162
0.006632382980328795,0.04696187293779132,0.004573042030908999,-0.0016033077202450728,187.0120200070745,29.540103116144223
-0.008345902532229745,0.03241070657878798,0.007757119696326757,-0.004818720928706132,216.53028234858925,29.518173948366368
-0.0010437080222037778,0.005210172807799487,-0.005715655800958725,0.000894038900690224,83.59112660883548,72.22876335920282
-0.018846311748046834,-0.007609609667427741,0.015946693366769158,0.004058289058616851,9.77407571446112,80.80596790981468
0.005802053784534873,-0.010018411052521638,0.010070191622703638,0.010638438225786202,157.36538742203493,80.69632207092542
-0.0036371811915701766,0.001854015630049981,0.01090754089998549,0.005278636816473892,98.28607265783046,97.78494366881557
0.01110708674647895,-0.00041896849938310635,0.012069994449251617,0.005680710966220999,127.80433499934522,97.76301450103772
0.000982512188047694,0.003457644103846025,-0.010831270855880887,-0.005249625647374062,142.49928104834018,123.31919481065046
-0.001298395908382999,-0.01031814248698779,-0.007251665050394611,-0.011658790830388411,9.645705470936292,131.94025769681804
0.003968632298194641,0.001940672322968122,0.0022426267822476184,-0.015622601553262998,245.79180420305437,131.7648243545952
0.012393055853095308,-0.005135881903297303,0.0008961962019819269,0.0025820926957594984,98.15770241430563,148.91923345581893
0.007467087092524826,-0.021666154758298292,-0.0009542821431530626,-0.005529589407300653,127.67596475582039,148.89730428804106
0.002505748871594583,-0.005451189303011219,0.0023364529690916005,-0.010642475227044364,216.23075178036467,148.8315167847075
0.008627247160808088,0.0011969087927782562,-0.0025702034947735096,-0.004851687074917827,53.85891386144603,157.47450883865292
0.011452567760448333,-0.006713502571531702,0.0054969200168459575,0.002070738788055894,83.33438612178584,174.49734293320952
-0.0061421845070396735,0.0009175744325446988,0.01774251268897142,0.0057424189389830745,38.99280748775128,200.09738157837796
0.006259687133630928,-0.01082594180539917,-0.003157016319762103,0.002116416265838426,171.80359298398022,208.52108195454485
0.0023304061964964846,0.008717642104148951,0.00564172173272484,-0.0002917266466943968,53.68775353674626,225.65356188799072
8.590171340926446e-05,-0.022420490578622963,-0.004315595723324676,0.0032545265454310937,127.46201434994568,234.12112059971332
0.005957443469847592,-0.013041078746116826,-0.005810453013473485,-0.0010737608598339614,156.98027669146043,234.09919143193545
0.001068170793222639,0.038795157099540976,0.0016880292606356886,0.0014733066616916418,157.49375766555974,29.562032283922065
0.011260409154430195,0.03958357054683874,0.0032112857914013016,0.016298991173077357,127.97549532404499,29.58396145169992
0.003456507702308405,0.02402557158311422,0.003174231959656767,-0.004598072849469658,186.96922992589955,46.584866378478665
-0.006280789672081006,0.026326363550895515,0.004799213178399292,-0.0013477588709401122,216.48749226741432,46.56293721070081
3.058731632588876e-05,0.01670243994366048,-0.012220382732889765,-0.012387660806315388,54.11565434849567,55.20592926464623
-0.00809374690883185,0.006840350219577269,-5.15584380069321e-05,-0.009033084915900321,142.67044137303995,55.14014176131268
0.0011671471300454947,0.009368883604135958,-0.00450871665485075,-0.0015483360924232286,113.1521790315252,55.16207092909052
-0.019543672392735578,0.017659875261455044,0.0037236713870980593,-0.001648760171100438,231.22522839758423,55.07435425797911
-0.00014220705549922258,-0.001874521262923787,0.007382888829682457,0.004692504695417618,127.84712508052016,80.71825123870326
0.001986987070810396,-0.01340417533192848,0.005677013345659419,0.008566560698082894,186.88364976354967,80.67439290314758
-0.0011262702474481238,-0.00785656197966536,0.008435274121429703,0.00920499193944906,9.731285633286177,97.85073117214912
-0.018947954694417526,-0.013816711831887943,0.009954047515651206,0.015395772522460393,39.24954797480093,97.82880200437127
-0.008517910118717907,-0.022050696428546606,0.013121350440431157,0.010974735511138086,68.76781031631569,97.80687283659341
-0.0029886330223882233,-0.008058178888722404,0.002101555781271463,0.002877547957502791,53.98728410497084,106.34021905164957
0.0005195789455239002,0.0057699662466392625,-0.006520094833134472,-0.005631426961924802,53.9444940237959,123.38498231398403
0.008714578616465426,0.0025446161506273,0.005701807593153604,-0.004767541487601225,112.98101870682542,123.34112397842831
0.00011715837160162112,0.0005698802335047313,-0.0003859021981875328,-0.006887565241476078,98.20049249548057,131.87447019348446
0.005069606081613593,-0.010267428778223453,0.0013426886471415308,-0.002025183544383332,127.71875483699533,131.8525410257066
-0.022634450978777462,-0.006704933941697988,-0.009717336851631418,-0.014330751189966143,9.60291538976135,148.98502095915245
0.00620260370797962,0.004437994932302174,-0.0025089247337314415,-0.009786708851620423,68.63944007279088,148.94116262359677
0.015644455642826977,-0.005574306326508127,0.004840414997458402,0.001028315806746481,112.89543854447554,157.4306505030972
-0.004257583046914758,-0.010349659303735534,0.0006755450351772709,-0.0022974639540045095,142.4137008859903,157.40872133531937
0.005557603329057241,-0.006964771110316355,0.011073981045947784,-0.001383040423615583,53.816123780271084,174.51927210098737
0.0015412213563218583,0.0064412863411845295,-0.0021620049206096535,0.0049071131711034485,112.8526484633006,174.47541376543165
0.0017467017191197,0.003327435279711896,0.011710326763715945,0.006490878591391496,216.14517161801479,182.9210433093764
0.009691461914169147,0.002393484580178965,0.013142784556007082,-0.003465547544560011,245.66343395952953,182.89911414159855
-0.0030699366318499978,-0.019090213128830906,0.0007165371962257446,0.005860145162746247,112.72427821977577,225.609703552435
9.387363338752747e-05,0.031294363531090344,-0.001695846957084514,0.007628549891191897,142.75602153538983,21.050615236643765
0.007831609710616314,0.04805181942060432,0.0022698072932607048,0.002057349377660784,172.27428387690458,21.028686068865923
0.003626176119794582,0.041670472720887364,0.004527290867708878,-0.007170421071659519,201.79254621841935,21.006756901088067
-0.00813228200445197,0.023353292131591805,0.004092328102515303,-0.008716827055480757,83.71949685236032,21.094473572199476
-0.0046180632129339694,0.01741416417496334,0.0021302276150694,-0.0016385840494750647,98.45723298253023,29.605890619477776
-0.0020739126194458547,0.0168906412422903,-0.009929685506343829,-0.013836747379071292,39.37791821832576,46.69451221736793
-0.00518755368384876,0.0055343132381528125,-0.011335241675349803,-0.013596558275990728,68.89618055984053,46.672583049590074
0.007914444028533573,0.012047391835860441,-0.006568414777799226,0.0009889991164693675,127.93270524287004,46.62872471403438
0.0016024542975526018,0.028563979092958672,0.005415270277646069,-0.0027492348486740756,157.45096758438478,46.60679554625652
0.0032555698184375966,0.001560973891872118,0.007763399245181487,0.0003139073600442392,98.41444290135527,46.65065388181222
-0.006706562462864123,0.013074294122070229,-0.013853457905801933,-0.010369212529000804,24.59739200698091,55.22785843242407
-0.0024648832699573765,-0.0023980714368318896,-0.0027653691149153387,-0.016672135531777692,83.63391669001044,55.184000096868374
0.0044203607552202135,0.009392332827751794,-0.006773614922286183,-0.009904627284971905,172.18870371455472,55.11821259353482
-0.002031072990671169,0.014563576660124419,0.004716789630063521,-0.0020271865447562174,201.70696605606946,55.09628342575695
-0.008029504801535619,0.001555677105287501,0.0066465857606820295,0.0006709058259367923,24.55460192580597,72.27262169475853
-0.00027439613074973547,0.004281986185632171,0.0030814944465472863,0.003749470925572557,142.627651291865,72.18490502364712
0.009448850890159585,-0.0020935259813256433,0.003629967580472638,0.0035600418191147573,172.14591363337976,72.16297585586926
-0.005150968642833506,0.0005264665410187885,0.00040351831301682346,0.00252448493224382,54.072864267320725,72.25069252698067
-0.02303345870206026,-0.009967631520783907,0.007062060807973343,-0.00214811807439271,231.18243831640928,72.11911752031355
0.007104044750689197,-0.014497925475532136,0.006000727704453262,-0.0010876575526102745,98.3288627390054,80.74018040648112
-0.002668759067167812,-0.004777115360475875,0.005447932702633621,0.0014350022128336087,39.292338055975875,80.78403874203683
0.0028289648184513863,-0.000231249160852905,-0.00240855868993274,0.008976683702035474,68.81060039749065,80.76210957425897
-0.018807590960541937,-0.029353919429213667,0.015323787169996243,0.004297975047593014,216.40191210506444,80.65246373536971
-0.005599390217652288,-0.027424072395410864,0.0166570220804724,0.0026605622703052834,245.9201744465792,80.63053456759185
0.0007630492394758585,-0.01043981147259301,0.005399206878602082,0.0014392620160291626,216.35912202388948,97.69722699770416
0.006244207312757333,0.003968674103339207,0.00621489168216849,0.016200549577093715,157.32259734085997,97.74108533325986
-0.000796658737446198,-0.006912089316759892,-0.00024219622611936593,0.004300017829397658,186.84085968237474,97.71915616548202
-0.0014690700648957895,-0.011153232836258159,0.006780257747493198,0.012205183517382805,24.469021763456084,106.36214821942743
-0.004229617818816937,-0.0019126992054699851,0.0019975857324175585,0.0006606885580755799,83.5055464464856,106.31828988387173
0.010584251391359897,0.008475207096073878,0.0029971176889997996,-0.0031112410382613063,113.02380878800037,106.29636071609386
-0.004036469376636422,-0.00562551502162008,-0.010862495942172512,-0.0012957037300565955,172.06033347102988,106.25250238053816
0.0027155536328928994,-0.009213667256822407,-0.014979176107467487,-0.006575303635458333,201.57859581254462,106.2305732127603
-0.014991657385743921,-0.009988461237456697,0.010481433866382018,-0.004834493294690252,231.09685815405942,106.20864404498246
0.0017188455102187252,0.0019308659815250647,0.005705832941108168,0.004189421358812687,142.54207112951514,106.27443154831602
-0.008893052893340221,-0.006935777553510769,-0.010360116552563598,-0.005176556695983975,24.42623168228114,123.40691148176187
-0.002119356344096436,-0.00018862944051947447,0.0017764465522474744,-0.013677646923790006,83.46275636531067,123.36305314620617
-0.011088042084807537,0.005037108962808772,-0.013702254053299933,-0.0017252332214141384,172.01754338985495,123.29726564287262
0.01057470031455166,0.0038528038111862563,-0.014422931459886363,-0.01189610629189466,201.5358057313697,123.27533647509476
0.0016326006243267267,0.0010769111117519478,-0.0026372627503719274,-0.013225440774266716,231.05406807288446,123.2534073073169
0.015414886657678444,0.00562314551928534,-0.01036449018894535,-0.010560314842124763,216.27354186153963,131.78675352237306
0.0004947748879335608,0.0022924396493782338,-0.007505100913414231,-0.013022572136864915,68.6822301539658,131.89639936126233
-0.012828601082070352,-0.009421689103154716,-0.007044926430024134,0.001181394636008843,157.2370171785101,131.83061185792877
0.002243278296793933,0.0002416913017787735,-0.01780757929464641,-0.0036761008361934416,186.75527952002486,131.8086826901509
-0.00602126786466608,0.003362580476397946,-0.01744794284624271,-0.02603674752370777,39.121177731276106,148.9630917913746
-0.0070790186424848,0.0012047538597101462,-0.0005942124155095645,-0.01855442018543739,245.74901412187944,148.80958761692966
0.013617416612958098,0.0013177745841798142,0.00033412668064613767,-0.003516937472007775,83.37717620296078,157.45257967087508
-0.016249809131485785,-0.0033984230765083494,-0.0034148493931865816,0.008501280963637682,171.93196322750507,157.3867921675415
0.00555469958159361,0.00453810703864228,-0.0027008735843947283,0.0006873644996576785,201.45022556901984,157.36486299976366
-0.005130385271664642,0.0009428871057313021,0.0023887449361334467,-0.013608666188645313,230.96848791053458,157.34293383198582
-0.013574070481535395,-0.0007573482890593057,0.012966278330092892,0.00627965856328033,24.297861438756314,174.54120126876523
-0.003637233093009981,-0.0019295940117225255,-0.002597117190093619,-0.00012113036185559985,142.37091080481537,174.4534845976538
-0.006892054837165382,0.003972978797983855,9.380241884532911e-05,0.00708547331677436,171.8891731463301,174.43155542987597
-0.0023097260830411198,0.00888025136075858,0.0074957483547727684,0.006088245093504795,201.40743548784488,174.4096262620981
0.010302446670958641,0.0025094680644183326,0.014147676110689277,-0.003008447688653106,230.92569782935965,174.38769709432026
-0.0062863444384140465,0.002039828066456976,0.018823776884831885,0.009968032129557453,39.03559756892622,183.05261831604352
0.014731192593249452,0.006186641732808827,0.0158361536985999,0.0032715602567622796,68.55385991044099,183.03068914826565
-0.0018829994390782278,0.004983316235162398,0.01027271517302036,0.0012577014750188428,98.07212225195575,183.0087599804878
-0.004371835757888831,0.009845595316595474,0.0004593411176223308,-0.0009201756442567333,157.10864693498527,182.96490164493213
-0.004434577742122269,0.005809490166398342,0.000867072364079598,0.005623335619606143,186.62690927650002,182.94297247715426
-0.0016949897538868735,0.012183214866631889,-0.005952810810145928,0.0019402575403804937,127.5903845934705,182.98683081270997
-0.0009890027682060464,0.004516069206483555,0.013891370204889973,0.006048066565105494,68.51106982926603,200.07545241060012
-0.008003792350864371,0.0007176076986278,0.002407207224865169,-0.0040231126075114775,98.0293321707808,200.05352324282225
0.0035049273089062002,0.0025094824376850466,0.0015024616938151343,0.005415049990161224,186.5841191953251,199.9877357394887
-0.0015305933767360536,0.013929528059794145,0.008425158112921096,0.0038909024020217903,216.10238153683986,199.96580657171086
0.0014923806555663971,0.004246289777201352,0.0024913075128194127,0.002143446041681635,201.321855325495,208.499152786767
-0.0028897736763056955,0.006678910403004137,0.002827303870008894,0.001678585700329548,83.24880595943596,208.5868694578784
-0.012607215773211049,-0.019059440220637235,0.009291896681022281,0.006914445215295496,112.76706830095071,208.56494029010054
0.003991919896488713,-0.01613734741279135,-0.003917684615909552,0.00794874761018622,142.28533064246548,208.5430111223227
-0.011885554217803795,0.0019349752750478302,-0.004701175593643874,-0.0040101473123883,83.20601587826101,225.63163272021285
0.006562615856974212,-0.014074662917279093,-0.0033726521418806048,0.003118501605899566,171.7608029028053,225.56584521687932
-0.012385543810134753,-0.003040296592279494,0.005462293360069454,0.004229027947236035,68.93897064101546,29.627819787255618
0.0014865863103044035,-0.005486856269139168,0.0020111331253243247,-0.005884982355988825,113.10938895035025,72.20683419142497
-0.0024374163521007548,-0.00706989771078958,0.008712173736486872,0.0010997569192115896,201.66417597489453,72.14104668809142
-0.009026499376031142,-0.018492268100094494,0.02432938996589704,-0.006882576773545857,245.87738436540425,97.67529782992631
-0.01144148761901359,-0.0010784785131809317,-0.017926738714801802,-0.01718269008109979,39.16396781245105,131.91832852904017
-0.01242855182181712,-0.012157609722921296,-0.002071131129453679,-0.000646613400190135,157.19422709733516,148.87537512026321
-0.007463977225861321,-0.0031313242782544,-0.00557128205460128,0.0011462661134056863,186.7124894388499,148.85344595248534
0.0037501232908317217,0.002314030459648963,-0.005165104821029063,0.003752074371104303,157.06585685381032,200.00966490726654
0.000816246851419058,-0.0068888794192644084,-0.00024647399654878195,-0.0017486825285363702,127.54759451229556,200.0315940750444
0.0014841917005854954,0.006746617526190158,0.01643871596467778,5.3031814412008577e-05,53.7305436179212,208.60879862565628
-0.008826314447472365,0.010296755770694579,-0.0054539400381855814,-0.0047082716060350025,97.94375200843092,234.14304976749116
-0.015999165942979256,-0.0030668703783834975,0.005063752683223358,0.0017794992747538036,68.42548966691616,234.164978935269
0.00443462353615608,-0.023398889318777694,-0.008105611950454316,-0.0003146494086859711,142.24254056129053,225.58777438465717
-0.011176968043285242,-0.010262120744711486,-0.0036309140009583244,-0.013058111890131915,24.340651519931257,157.49643800643076
