arch,condition,best_fold,fold_base,checkpoint,checkpoint_sha256,load_mode,elapsed_localization_s,actual_inference_batch,n_val_total,sampling,output_directory,n_samples,n_samples_with_reference,n_atoms,gt_n_det,gt_n_gt,gt_n_match,gt_precision,gt_recall,gt_f1,gt_rmse_px,refine_success_rate,spacing_px_mean,spacing_px_median,column_fwhm_px_mean,pixel_size_A,match_tol_px,spacing_A_mean,spacing_A_std,column_fwhm_A_mean,gt_rmse_A,psnr_noisy_mean,psnr_gaussian_mean,psnr_denoised_mean,fold
AtomSegNet,no_n2v,1,1,D:\Results\without n2v\AtomSegNet\AtomSegNet_fold1.pt,97f55df61aabb6d1d317e71d61ea299ba413b9b64bb16a9fa48f503e881c1b33,strict,87.10363040000084,4,2873,Fixed random subset chosen before inference,D:\Results\without n2v\AtomSegNet\localization_v2\20260907T143729\fold_01,100,100,7181,7181,6655,6420,0.8940259016850021,0.9646882043576258,0.9280138768430182,1.0812958885539812,0.0412198858097758,20.81769510238196,17.72004514666935,5.391985767447887,,3.0,,,,,14.899157202225298,22.210053371821374,27.344421497462985,1
AtomSegNet,no_n2v,2,1,D:\Results\without n2v\AtomSegNet\AtomSegNet_fold2.pt,6d330db6ca65767dcb01b2bd86282d0cc2d5585a58b3084232a794d43d533494,strict,58.83281369999895,4,2873,Fixed random subset chosen before inference,D:\Results\without n2v\AtomSegNet\localization_v2\20260907T143729\fold_02,100,100,7123,7123,6625,6344,0.8906359679910151,0.9575849056603774,0.9228978760546989,1.129685938942194,0.05194440544714306,20.50819694086902,18.0,4.671590354598403,,3.0,,,,,15.230010731381812,23.370739016711635,27.304963127901743,2
AtomSegNet,no_n2v,3,1,D:\Results\without n2v\AtomSegNet\AtomSegNet_fold3.pt,a18d7954e75f7729dbe9128f17816d821036fddb3eee7bcc8dad5232ab25fd95,strict,58.57199910000054,4,2873,Fixed random subset chosen before inference,D:\Results\without n2v\AtomSegNet\localization_v2\20260907T143729\fold_03,100,100,7312,7312,6760,6519,0.8915481400437637,0.9643491124260355,0.9265207504263786,1.1254430481141076,0.06537199124726477,20.513085686471975,16.492422502470642,5.718251388600101,,3.0,,,,,15.133085138102524,21.381032334491827,27.778391417287438,3
AtomSegNet,no_n2v,4,1,D:\Results\without n2v\AtomSegNet\AtomSegNet_fold4.pt,27b9d9e727a552bbcb96098418e4a788a4b5d5e6fe18c3ac7f4dcfac801a3444,strict,59.80099500000142,4,2873,Fixed random subset chosen before inference,D:\Results\without n2v\AtomSegNet\localization_v2\20260907T143729\fold_04,100,100,7083,7083,6734,6533,0.9223492870252717,0.9701514701514702,0.9456466671491641,1.123240678897733,0.06268530283778061,19.973000387777486,16.492422502470642,5.325263261796953,,3.0,,,,,15.459153258184008,22.422097834656228,27.1240694778835,4
AtomSegNet,no_n2v,5,1,D:\Results\without n2v\AtomSegNet\AtomSegNet_fold5.pt,086f76654ac32e3549c4d9bc6da1e3ad33febee5b6ac3e33a32ab49ec4f13700,strict,59.399198199998864,4,2872,Fixed random subset chosen before inference,D:\Results\without n2v\AtomSegNet\localization_v2\20260907T143729\fold_05,100,100,7156,7156,6605,6338,0.8856903297931805,0.9595760787282361,0.9211539859021873,1.177605633665898,0.06721632196757965,20.048173431325246,16.278820596099706,5.205069605250688,,3.0,,,,,15.196743168699133,22.41309571677125,27.46316203150036,5
HRNet,no_n2v,1,1,D:\Results\without n2v\HRNet\HRNet_fold1.pt,a13e169fd48c700421e819bbe1f896ac083add28e6c6303b545cf7070564de22,strict,78.43053189999955,4,2873,Fixed random subset chosen before inference,D:\Results\without n2v\HRNet\localization_v2\20260907T143729\fold_01,100,100,7177,7177,6655,6417,0.8941061724954716,0.9642374154770849,0.9278484673221515,1.0785817724355231,0.02619478890901491,20.73885614875679,17.72004514666935,5.237601405814524,,3.0,,,,,14.899157202225298,22.210053371821374,28.26392176655928,1
HRNet,no_n2v,2,1,D:\Results\without n2v\HRNet\HRNet_fold2.pt,620f84b8144d0a56915a4ad3782bca6a7cd5f5e27d74a33698952c38b01e6d6c,strict,67.84997730000032,4,2873,Fixed random subset chosen before inference,D:\Results\without n2v\HRNet\localization_v2\20260907T143729\fold_02,100,100,7250,7250,6625,6291,0.8677241379310345,0.9495849056603773,0.9068108108108108,1.1555499889688539,0.04124137931034483,20.137026856494852,17.72004514666935,5.166394143076604,,3.0,,,,,15.230010731381812,23.370739016711635,27.456335299379997,2
HRNet,no_n2v,3,1,D:\Results\without n2v\HRNet\HRNet_fold3.pt,30ab5802fdfc002bae98809ffdd76e488d3f7fd668807275fa46677023b0a34e,strict,73.14523569999983,4,2873,Fixed random subset chosen before inference,D:\Results\without n2v\HRNet\localization_v2\20260907T143729\fold_03,100,100,7513,7513,6760,6463,0.8602422467722615,0.9560650887573965,0.9056260071463602,1.129773672287538,0.04538799414348463,19.951168186002988,16.15549442140351,5.206563452897641,,3.0,,,,,15.133085138102524,21.381032334491827,27.494623958537655,3
HRNet,no_n2v,4,1,D:\Results\without n2v\HRNet\HRNet_fold4.pt,03c9eb835485adb3f5d25631a4275e7bf44da6d097341576c20d111e2eb099f4,strict,76.48020440000073,4,2873,Fixed random subset chosen before inference,D:\Results\without n2v\HRNet\localization_v2\20260907T143729\fold_04,100,100,7079,7079,6734,6509,0.9194801525639215,0.9665874665874666,0.9424455223340331,1.1059772038565605,0.026416160474643312,19.9181175729332,16.492422502470642,5.185725229992753,,3.0,,,,,15.459153258184008,22.422097834656228,27.377555128297157,4
UNetPP,no_n2v,1,1,D:\Results\without n2v\UNetPP\UNetPP_fold1.pt,e03d45a51deb4d30f96b3945c8085c3801dc1bdacf9a3a5e1ea26e7e29a4d5f8,strict,115.05437810000149,4,2873,Fixed random subset chosen before inference,D:\Results\without n2v\UNetPP\localization_v2\20260907T143729\fold_01,100,100,7142,7142,6655,6357,0.89008681041725,0.955221637866266,0.9215046749293324,1.2067260549801375,0.06832819938392608,20.715631230930956,17.6448065093942,5.216774650438276,,3.0,,,,,14.899157202225298,22.210053371821374,13.07080552384521,1
UNetPP,no_n2v,2,1,D:\Results\without n2v\UNetPP\UNetPP_fold2.pt,1e55013669d6be3ed85f227ad7d18c04e01d6d590071287e23c613f12ec750cb,strict,75.44024990000071,4,2873,Fixed random subset chosen before inference,D:\Results\without n2v\UNetPP\localization_v2\20260907T143729\fold_02,100,100,7083,7083,6625,6308,0.890583086262883,0.9521509433962264,0.9203384884738839,1.211077921054288,0.06310885218127912,20.56897597060176,18.0,4.788443175619052,,3.0,,,,,15.230010731381812,23.370739016711635,26.63943451081461,2
UNetPP,no_n2v,3,1,D:\Results\without n2v\UNetPP\UNetPP_fold3.pt,83b3819e58f638896cf0ef42f590b996336fe0346b9f37db25d0c452eb39288d,strict,81.15086789999987,4,2873,Fixed random subset chosen before inference,D:\Results\without n2v\UNetPP\localization_v2\20260907T143729\fold_03,100,100,7250,7250,6760,6400,0.8827586206896552,0.9467455621301775,0.913633119200571,1.2201382728274912,0.06882758620689655,20.376916671283656,16.55294535724685,5.509788212659771,,3.0,,,,,15.133085138102524,21.381032334491827,25.446606309474518,3
AtomSegNet,with_n2v,1,1,D:\Results\with n2v\AtomSegNet\AtomSegNet_fold1.pt,0170b919eb8af97f89113be682125f8c6999b19805214aeed5da67cc9323d660,strict,61.20504379999875,4,2873,Fixed random subset chosen before inference,D:\Results\with n2v\AtomSegNet\localization_v2\20260907T143729\fold_01,100,100,7158,7158,6655,6380,0.8913104219055602,0.9586776859504132,0.9237674654311157,1.2162187550297072,0.04051411008661637,20.789049767290802,17.804493814764857,5.384009525086472,,3.0,,,,,14.899157202225298,22.210053371821374,25.32529236499041,1
AtomSegNet,with_n2v,2,1,D:\Results\with n2v\AtomSegNet\AtomSegNet_fold2.pt,754844822fbf4c71b98589cb1fdc92f6f29ba4e0f64ca693cb428e45c28b1a82,strict,65.30614890000106,4,2873,Fixed random subset chosen before inference,D:\Results\with n2v\AtomSegNet\localization_v2\20260907T143729\fold_02,100,100,7221,7221,6625,6269,0.8681623043899737,0.9462641509433962,0.905532283692041,1.262836240596051,0.056778839495914696,20.07253202008042,17.4928556845359,5.887365717024923,,3.0,,,,,15.230010731381812,23.370739016711635,25.311023447825008,2
AtomSegNet,with_n2v,3,1,D:\Results\with n2v\AtomSegNet\AtomSegNet_fold3.pt,28712e97e96219317538d34fc5fe28c4134ddd7d613e5427e719f852d2a1975e,strict,68.19051760000002,4,2873,Fixed random subset chosen before inference,D:\Results\with n2v\AtomSegNet\localization_v2\20260907T143729\fold_03,100,100,7411,7411,6760,6472,0.8732964512211577,0.9573964497041421,0.913414720203232,1.2050271355047482,0.07880178113614897,19.995290834087942,16.278820596099706,5.5342021188875945,,3.0,,,,,15.133085138102524,21.381032334491827,25.05648997633647,3
AtomSegNet,with_n2v,4,1,D:\Results\with n2v\AtomSegNet\AtomSegNet_fold4.pt,3edb920eaad6d565d505fcbce9b8f26cc99d2fa92d2c234eb5b6c9c4f26c940a,strict,66.16447719999996,4,2873,Fixed random subset chosen before inference,D:\Results\with n2v\AtomSegNet\localization_v2\20260907T143729\fold_04,100,100,7153,7153,6734,6474,0.9050747937928142,0.9613899613899614,0.9323828040613523,1.2551455170546664,0.06109324758842444,19.639437210250367,16.492422502470642,5.576601106671643,,3.0,,,,,15.459153258184008,22.422097834656228,25.360220878069462,4
AtomSegNet,with_n2v,5,1,D:\Results\with n2v\AtomSegNet\AtomSegNet_fold5.pt,deac26703931089211ccdfe63df37f6b6a2feafede6cd0c81b766fe1275f7f0f,strict,64.99186310000005,4,2872,Fixed random subset chosen before inference,D:\Results\with n2v\AtomSegNet\localization_v2\20260907T143729\fold_05,100,100,7186,7186,6605,6304,0.877261341497356,0.9544284632853899,0.9142194184613154,1.2846076508911775,0.0960200389646535,19.755534627401328,16.1245154965971,5.725385338270786,,3.0,,,,,15.196743168699133,22.41309571677125,25.49210262428184,5
HRNet,with_n2v,1,1,D:\Results\with n2v\HRNet\HRNet_fold1.pt,6bf854b76a4c3fd1eef95036487dc4c5115dbf93aa39ea25fa30c5c48e99e871,strict,75.88569219999954,4,2873,Fixed random subset chosen before inference,D:\Results\with n2v\HRNet\localization_v2\20260907T143729\fold_01,100,100,7171,7171,6655,6286,0.8765862501743132,0.9445529676934635,0.9093013163604803,1.2102491876491615,0.04978385162459908,20.320902600760732,17.46424919657298,5.414834375707098,,3.0,,,,,14.899157202225298,22.210053371821374,18.48800678127377,1
HRNet,with_n2v,2,1,D:\Results\with n2v\HRNet\HRNet_fold2.pt,577da9f9769e04ba804307bb6e2e76ffadc485cdc69f6da9221d1414aaca8ce4,strict,76.03512149999915,4,2873,Fixed random subset chosen before inference,D:\Results\with n2v\HRNet\localization_v2\20260907T143729\fold_02,100,100,7254,7254,6625,6180,0.8519437551695617,0.9328301886792453,0.8905540745010447,1.292754196391967,0.09484422387648195,19.9029377127928,17.038400962593865,5.618682547638852,,3.0,,,,,15.230010731381812,23.370739016711635,21.097143808599167,2
UNetPP,with_n2v,1,1,D:\Results\with n2v\UNetPP\UNetPP_fold1.pt,067d80c716cd45e0ce5150f915103737a01715564309bb5f524278da948b33c6,strict,70.68494250000003,4,2873,Fixed random subset chosen before inference,D:\Results\with n2v\UNetPP\localization_v2\20260907T143729\fold_01,100,100,7143,7143,6655,6399,0.8958420831583368,0.9615326821938392,0.9275257283664299,1.141167472671885,0.060198796024079515,20.7135348897459,17.72004514666935,5.500821128111681,,3.0,,,,,14.899157202225298,22.210053371821374,14.190795477787926,1
UNetPP,with_n2v,2,1,D:\Results\with n2v\UNetPP\UNetPP_fold2.pt,eb1a576b25e4cfa16eb7d982cbf2b534fa98e337ea35c57d33d645185e619850,strict,67.80059130000154,4,2873,Fixed random subset chosen before inference,D:\Results\with n2v\UNetPP\localization_v2\20260907T143729\fold_02,100,100,7131,7131,6625,6246,0.8758939840134623,0.9427924528301886,0.9081128234952021,1.1829833080279515,0.06506801290141635,20.362598822366454,17.88854381999832,5.342046187779018,,3.0,,,,,15.230010731381812,23.370739016711635,13.627305382764796,2
UNetPP,with_n2v,3,1,D:\Results\with n2v\UNetPP\UNetPP_fold3.pt,81d8a712cc3480ea2f444b61e338f0d11b4ce1d144f36f0ed5ce82bf7e98691c,strict,71.31501349999962,4,2873,Fixed random subset chosen before inference,D:\Results\with n2v\UNetPP\localization_v2\20260907T143729\fold_03,100,100,7305,7305,6760,6433,0.8806297056810404,0.9516272189349112,0.9147529328119446,1.2148281011212252,0.03682409308692676,20.39996949282138,16.492422502470642,5.428858945120331,,3.0,,,,,15.133085138102524,21.381032334491827,27.041630468478925,3
UNetPP,with_n2v,4,1,D:\Results\with n2v\UNetPP\UNetPP_fold4.pt,69a003314e10022edd8fc063e1789bc4cbb70bc2d5806e5dea0b00c3233b24bf,strict,75.15064549999988,4,2873,Fixed random subset chosen before inference,D:\Results\with n2v\UNetPP\localization_v2\20260907T143729\fold_04,100,100,7026,7026,6734,6472,0.9211500142328494,0.961092961092961,0.9406976744186046,1.2410601915913377,0.06447480785653288,19.9589064119686,16.55294535724685,5.6392082544206,,3.0,,,,,15.459153258184008,22.422097834656228,13.359518595465047,4
UNetPP,with_n2v,5,1,D:\Results\with n2v\UNetPP\UNetPP_fold5.pt,3a019d6ef072ed6739714bb86747bb8de8d4fc2800d7c32d97ef605391470697,strict,74.5655358999993,4,2872,Fixed random subset chosen before inference,D:\Results\with n2v\UNetPP\localization_v2\20260907T143729\fold_05,100,100,7052,7052,6605,6254,0.8868406125921724,0.9468584405753218,0.9158673207878744,1.3106089705823665,0.051474758933635845,20.045419584347503,16.278820596099706,5.068946766547255,,3.0,,,,,15.196743168699133,22.41309571677125,11.768683061894018,5
